Symbol,Name,Sector,Validtill
AMARAJABAT,Amara Raja Batteries Ltd.,Automobile,2021-10-30 10:24:59
TORNTPOWER,Torrent Power Ltd.,Energy,2021-10-30 10:24:59
EQUITAS,Equitas Holdings Ltd.,Financial Services,2021-10-30 10:24:59
RBLBANK,RBL Bank Ltd.,Financial Services,2021-10-30 10:24:59
NESTLEIND,NESTLE INDIA,Consumer Goods,2021-10-30 10:24:59
ULTRACEMCO,UltraTech Cement Ltd.,Cement & Cement Products,2021-10-30 10:24:59
NAVINFLUOR,Navin Fluorine International Limited,Chemicals,2021-10-30 10:24:59
DCBBANK,DCB Bank Ltd.,Financial Services,2021-10-30 10:24:59
BAJFINANCE,Bajaj Finance Ltd.,Financial Services,2021-10-30 10:24:59
ICICIPRULI,ICICI Prudential Life Insurance Company Ltd.,Financial Services,2021-10-30 10:24:59
SAIL,Steel Authority of India Ltd.,Metals,2021-10-30 10:24:59
MCX,Multi Commodity Exchange Of India Limited,,2021-10-30 10:24:59
BALKRISIND,Balkrishna Industries Ltd.,Automobile,2021-10-30 10:24:59
CUB,City Union Bank Limited,Financial Services,2021-10-30 10:24:59
HAL,Hindustan Aeronautics Limited,,2021-10-30 10:24:59
YESBANK,Yes Bank Ltd.,Financial Services,2021-10-30 10:24:59
DISHTV,Dish TV India Ltd.,Media & Entertainment,2021-10-30 10:24:59
MRF,MRF Ltd.,Automobile,2021-10-30 10:24:59
IFCI,IFCI Ltd.,Financial Services,2021-10-30 10:24:59
GRANULES,Granules India Ltd.,Pharma,2021-10-30 10:24:59
